James,Butt,New Orleans,Orleans,LA,70116,504-621-8927,jbutt@gmail.com,http://www.bentonjohnbjr.com
Josephine,Darakjy,Brighton,Livingston,MI,48116,810-292-9388,josephine_darakjy@darakjy.org,http://www.chanayjeffreyaesq.com
Art,Venere,Bridgeport,Gloucester,NJ,8014,856-636-8749,art@venere.org,http://www.chemeljameslcpa.com
Lenna,Paprocki,Anchorage,Anchorage,AK,99501,907-385-4412,lpaprocki@hotmail.com,http://www.feltzprintingservice.com
Donette,Foller,Hamilton,Butler,OH,45011,513-570-1893,donette.foller@cox.net,http://www.printingdimensions.com
Simona,Morasca,Ashland,Ashland,OH,44805,419-503-2484,simona@morasca.com,http://www.chapmanrosseesq.com
Mitsue,Tollner,Chicago,Cook,IL,60632,773-573-6914,mitsue_tollner@yahoo.com,http://www.morlongassociates.com
Leota,Dilliard,San Jose,Santa Clara,CA,95111,408-752-3500,leota@hotmail.com,http://www.commercialpress.com
Sage,Wieser,Sioux Falls,Minnehaha,SD,57105,605-414-2147,sage_wieser@cox.net,http://www.truhlarandtruhlarattys.com
Kris,Marrier,Baltimore,Baltimore City,MD,21224,410-655-8723,kris@gmail.com,http://www.kingchristopheraesq.com
Minna,Amigon,Kulpsville,Montgomery,PA,19443,215-874-1229,minna_amigon@yahoo.com,http://www.dorljamesjesq.com
Abel,Maclead,Middle Island,Suffolk,NY,11953,631-335-3414,amaclead@gmail.com,http://www.rangoniofflorence.com
Kiley,Caldarera,Los Angeles,Los Angeles,CA,90034,310-498-5651,kiley.caldarera@aol.com,http://www.feinerbros.com
Graciela,Ruta,Chagrin Falls,Geauga,OH,44023,440-780-8425,gruta@cox.net,http://www.buckleymillerwright.com
Cammy,Albares,Laredo,Webb,TX,78045,956-537-6195,calbares@gmail.com,http://www.rousseauxmichaelesq.com
Mattie,Poquette,Phoenix,Maricopa,AZ,85013,602-277-4385,mattie@aol.com,http://www.centurycommunications.com
Meaghan,Garufi,Mc Minnville,Warren,TN,37110,931-313-9635,meaghan@hotmail.com,http://www.boltonwilburesq.com
Gladys,Rim,Milwaukee,Milwaukee,WI,53207,414-661-9598,gladys.rim@rim.org,http://www.tmbyxbeecompanypc.com
Yuki,Whobrey,Taylor,Wayne,MI,48180,313-288-7937,yuki_whobrey@aol.com,http://www.farmersinsurancegroup.com
Fletcher,Flosi,Rockford,Winnebago,IL,61109,815-828-2147,fletcher.flosi@yahoo.com,http://www.postboxservicesplus.com
Bette,Nicka,Aston,Delaware,PA,19014,610-545-3615,bette_nicka@cox.net,http://www.sportenart.com
Veronika,Inouye,San Jose,Santa Clara,CA,95111,408-540-1785,vinouye@aol.com,http://www.cnetworkinc.com
Willard,Kolmetz,Irving,Dallas,TX,75062,972-303-9197,willard@hotmail.com,http://www.ingallsdonaldresq.com
Maryann,Royster,Albany,Albany,NY,12204,518-966-7987,mroyster@royster.com,http://www.franklinpeterlesq.com
Alisha,Slusarski,Middlesex,Middlesex,NJ,8846,732-658-3154,alisha@slusarski.com,http://www.wtlzpowerfm.com
Allene,Iturbide,Stevens Point,Portage,WI,54481,715-662-6764,allene_iturbide@cox.net,http://www.ledeckydavidesq.com
Chanel,Caudy,Shawnee,Johnson,KS,66218,913-388-2079,chanel.caudy@caudy.org,http://www.professionalimageinc.com
Ezekiel,Chui,Easton,Talbot,MD,21601,410-669-1642,ezekiel@chui.com,http://www.siderdonaldcesq.com
Willow,Kusko,New York,New York,NY,10011,212-582-4976,wkusko@yahoo.com,http://www.upullit.com
Bernardo,Figeroa,Conroe,Montgomery,TX,77301,936-336-3951,bfigeroa@aol.com,http://www.clarkrichardcpa.com
Ammie,Corrio,Columbus,Franklin,OH,43215,614-801-9788,ammie@corrio.com,http://www.moskowitzbarrys.com
Francine,Vocelka,Las Cruces,Dona Ana,NM,88011,505-977-3911,francine_vocelka@vocelka.com,http://www.cascaderealtyadvisorsinc.com
Ernie,Stenseth,Ridgefield Park,Bergen,NJ,7660,201-709-6245,ernie_stenseth@aol.com,http://www.knwznewsradio.com
Albina,Glick,Dunellen,Middlesex,NJ,8812,732-924-7882,albina@glick.com,http://www.giampetroanthonyd.com
Alishia,Sergi,New York,New York,NY,10025,212-860-1579,asergi@gmail.com,http://www.milfordenterprisesinc.com
Solange,Shinko,Metairie,Jefferson,LA,70002,504-979-9175,solange@shinko.com,http://www.mosoccoronalda.com
Jose,Stockham,New York,New York,NY,10011,212-675-8570,jose@yahoo.com,http://www.tristaterefuelerco.com
Rozella,Ostrosky,Camarillo,Ventura,CA,93012,805-832-6163,rozella.ostrosky@ostrosky.com,http://www.parkwaycompany.com
Valentine,Gillian,San Antonio,Bexar,TX,78204,210-812-9597,valentine_gillian@gmail.com,http://www.fbsbusinessfinance.com
Kati,Rulapaugh,Abilene,Dickinson,KS,67410,785-463-7829,kati.rulapaugh@hotmail.com,http://www.ederassocsconsltngengrspc.com
Youlanda,Schemmer,Prineville,Crook,OR,97754,541-548-8197,youlanda@aol.com,http://www.trimtoolinc.com
Dyan,Oldroyd,Overland Park,Johnson,KS,66204,913-413-4604,doldroyd@aol.com,http://www.internationaleyeletsinc.com
Roxane,Campain,Fairbanks,Fairbanks North Star,AK,99708,907-231-4722,roxane@hotmail.com,http://www.rapidtradingintl.com
Lavera,Perin,Miami,Miami-Dade,FL,33196,305-606-7291,lperin@perin.org,http://www.abcenterprisesinc.com
Erick,Ferencz,Fairbanks,Fairbanks North Star,AK,99712,907-741-1044,erick.ferencz@aol.com,http://www.cindyturnerassociates.com
Fatima,Saylors,Hopkins,Hennepin,MN,55343,952-768-2416,fsaylors@saylors.org,http://www.stantonjamesdesq.com
Jina,Briddick,Boston,Suffolk,MA,2128,617-399-5124,jina_briddick@briddick.com,http://www.gracepastriesinc.com
Kanisha,Waycott,Los Angeles,Los Angeles,CA,90006,323-453-2780,kanisha_waycott@yahoo.com,http://www.schroergeneeesq.com
Emerson,Bowley,Madison,Dane,WI,53711,608-336-7444,emerson.bowley@bowley.org,http://www.knightsinn.com
Blair,Malet,Philadelphia,Philadelphia,PA,19132,215-907-9111,bmalet@yahoo.com,http://www.bollingermachshpshipyard.com
Brock,Bolognia,New York,New York,NY,10003,212-402-9216,bbolognia@yahoo.com,http://www.orindanews.com
Lorrie,Nestle,Tullahoma,Coffee,TN,37388,931-875-6644,lnestle@hotmail.com,http://www.ballardspahrandrews.com
Sabra,Uyetake,Columbia,Richland,SC,29201,803-925-5213,sabra@uyetake.org,http://www.lowylimousineservice.com
Marjory,Mastella,Wayne,Delaware,PA,19087,610-814-5533,mmastella@mastella.com,http://www.viconcorporation.com
Karl,Klonowski,Flemington,Hunterdon,NJ,8822,908-877-6135,karl_klonowski@yahoo.com,http://www.rossimichaelm.com
Tonette,Wenner,Westbury,Nassau,NY,11590,516-968-6051,twenner@aol.com,http://www.northwestpublishing.com
Amber,Monarrez,Jenkintown,Montgomery,PA,19046,215-934-8655,amber_monarrez@monarrez.org,http://www.branfordwiremfgco.com
Shenika,Seewald,Van Nuys,Los Angeles,CA,91405,818-423-4007,shenika@gmail.com,http://www.eastcoastmarketing.com
Delmy,Ahle,Providence,Providence,RI,2909,401-458-2547,delmy.ahle@hotmail.com,http://www.wyetechnologiesinc.com
Deeanna,Juhas,Huntingdon Valley,Montgomery,PA,19006,215-211-9589,deeanna_juhas@gmail.com,http://www.healygeorgewiv.com
Blondell,Pugh,Providence,Providence,RI,2904,401-960-8259,bpugh@aol.com,http://www.alpenliteinc.com
Jamal,Vanausdal,Monroe Township,Middlesex,NJ,8831,732-234-1546,jamal@vanausdal.org,http://www.hubbardbruceesq.com
Cecily,Hollack,Austin,Travis,TX,78731,512-486-3817,cecily@hollack.org,http://www.arthuraoliversoninc.com
Carmelina,Lindall,Littleton,Douglas,CO,80126,303-724-7371,carmelina_lindall@lindall.com,http://www.georgejessopcarterjewelers.com
Maurine,Yglesias,Milwaukee,Milwaukee,WI,53214,414-748-1374,maurine_yglesias@yglesias.com,http://www.schultzthomascmd.com
Tawna,Buvens,New York,New York,NY,10009,212-674-9610,tawna@gmail.com,http://www.hhhenterprisesinc.com
Penney,Weight,Anchorage,Anchorage,AK,99515,907-797-9628,penney_weight@aol.com,http://www.hawaiiankinghotel.com
Elly,Morocco,Erie,Erie,PA,16502,814-393-5571,elly_morocco@gmail.com,http://www.killionindustries.com
Ilene,Eroman,Glen Burnie,Anne Arundel,MD,21061,410-914-9018,ilene.eroman@hotmail.com,http://www.robinsonwilliamjesq.com
Vallie,Mondella,Boise,Ada,ID,83707,208-862-5339,vmondella@mondella.com,http://www.privateproperties.com
Kallie,Blackwood,San Francisco,San Francisco,CA,94104,415-315-2761,kallie.blackwood@gmail.com,http://www.rowleyschlimgeninc.com
Johnetta,Abdallah,Chapel Hill,Orange,NC,27514,919-225-9345,johnetta_abdallah@aol.com,http://www.forgingspecialties.com
Bobbye,Rhym,San Carlos,San Mateo,CA,94070,650-528-5783,brhym@rhym.com,http://www.smitspatriciagarity.com
Micaela,Rhymes,Concord,Contra Costa,CA,94520,925-647-3298,micaela_rhymes@gmail.com,http://www.hleeleonardattorneyatlaw.com
Tamar,Hoogland,London,Madison,OH,43140,740-343-8575,tamar@hotmail.com,http://www.akconstructionco.com
Moon,Parlato,Wellsville,Allegany,NY,14895,585-866-8313,moon@yahoo.com,http://www.ambelangjessicammd.com
Laurel,Reitler,Baltimore,Baltimore City,MD,21215,410-520-4832,laurel_reitler@reitler.com,http://www.qaservice.com
Delisa,Crupi,Newark,Essex,NJ,7105,973-354-2040,delisa.crupi@crupi.com,http://www.woodwhitacrecontractors.com
Viva,Toelkes,Chicago,Cook,IL,60647,773-446-5569,viva.toelkes@gmail.com,http://www.markivpressltd.com
Elza,Lipke,Newark,Essex,NJ,7104,973-927-3447,elza@yahoo.com,http://www.museumofscienceindustry.com
Devorah,Chickering,Clovis,Curry,NM,88101,505-975-8559,devorah@hotmail.com,http://www.garrisonind.com
Timothy,Mulqueen,Staten Island,Richmond,NY,10309,718-332-6527,timothy_mulqueen@mulqueen.org,http://www.saronixnymphproducts.com
Arlette,Honeywell,Jacksonville,Duval,FL,32254,904-775-4480,ahoneywell@honeywell.com,http://www.smcinc.com
Dominque,Dickerson,Hayward,Alameda,CA,94545,510-993-3758,dominque.dickerson@dickerson.org,http://www.eaielectronicassocsinc.com
Lettie,Isenhower,Beachwood,Cuyahoga,OH,44122,216-657-7668,lettie_isenhower@yahoo.com,http://www.contechristopheraesq.com
Myra,Munns,Euless,Tarrant,TX,76040,817-914-7518,mmunns@cox.net,http://www.ankerlawoffice.com
Stephaine,Barfield,Gardena,Los Angeles,CA,90247,310-774-7643,stephaine@barfield.com,http://www.beutelschiescompany.com
Lai,Gato,Evanston,Cook,IL,60201,847-728-7286,lai.gato@gato.org,http://www.fliggkennethijr.com
Stephen,Emigh,Akron,Summit,OH,44302,330-537-5358,stephen_emigh@hotmail.com,http://www.sharpjdanielesq.com
Tyra,Shields,Philadelphia,Philadelphia,PA,19106,215-255-1641,tshields@gmail.com,http://www.assinkannehesq.com
Tammara,Wardrip,Burlingame,San Mateo,CA,94010,650-803-1936,twardrip@cox.net,http://www.jewelmyshopinc.com
Cory,Gibes,San Gabriel,Los Angeles,CA,91776,626-572-1096,cory.gibes@gmail.com,http://www.chinesetranslationresources.com
Danica,Bruschke,Waco,McLennan,TX,76708,254-782-8569,danica_bruschke@gmail.com,http://www.stevenscharlest.com
Wilda,Giguere,Anchorage,Anchorage,AK,99501,907-870-5536,wilda@cox.net,http://www.mclaughlinlutherwcpa.com
Elvera,Benimadho,San Jose,Santa Clara,CA,95110,408-703-8505,elvera.benimadho@cox.net,http://www.treemusketeers.com
Carma,Vanheusen,San Leandro,Alameda,CA,94577,510-503-7169,carma@cox.net,http://www.springfielddivohedisonco.com
Malinda,Hochard,Indianapolis,Marion,IN,46202,317-722-5066,malinda.hochard@yahoo.com,http://www.loganmemorialhospital.com
Natalie,Fern,Rock Springs,Sweetwater,WY,82901,307-704-8713,natalie.fern@hotmail.com,http://www.kellycharlesgesq.com
Lisha,Centini,Mc Lean,Fairfax,VA,22102,703-235-3937,lisha@centini.org,http://www.industrialpapershreddersinc.com
Arlene,Klusman,New Orleans,Orleans,LA,70112,504-710-5840,arlene_klusman@gmail.com,http://www.beckhorizonbuilders.com
Alease,Buemi,Boulder,Boulder,CO,80303,303-301-4946,alease@buemi.com,http://www.portocayoathawkscay.com
Louisa,Cronauer,San Leandro,Alameda,CA,94577,510-828-7047,louisa@cronauer.com,http://www.pacificgrovemuseumntrlhist.com
Angella,Cetta,Honolulu,Honolulu,HI,96817,808-892-7943,angella.cetta@hotmail.com,http://www.benderhatleypc.com
Cyndy,Goldammer,Burnsville,Dakota,MN,55337,952-334-9408,cgoldammer@cox.net,http://www.dicristinajson.com
Rosio,Cork,High Point,Guilford,NC,27263,336-243-5659,rosio.cork@gmail.com,http://www.greengoddess.com
Celeste,Korando,Lynbrook,Nassau,NY,11563,516-509-2347,ckorando@hotmail.com,http://www.americanartsgraphics.com
Twana,Felger,Portland,Washington,OR,97224,503-939-3153,twana.felger@felger.org,http://www.oprylandhotel.com
Estrella,Samu,Beloit,Rock,WI,53511,608-976-7199,estrella@aol.com,http://www.markingdevicespubgco.com
Donte,Kines,Worcester,Worcester,MA,1602,508-429-8576,dkines@hotmail.com,http://www.wtcindustriesinc.com
Tiffiny,Steffensmeier,Miami,Miami-Dade,FL,33133,305-385-9695,tiffiny_steffensmeier@cox.net,http://www.whitehallrobbinslabsdivsn.com
Edna,Miceli,Erie,Erie,PA,16502,814-460-2655,emiceli@miceli.org,http://www.sampler.com
Sue,Kownacki,Mesquite,Dallas,TX,75149,972-666-3413,sue@aol.com,http://www.junochefsincorporated.com
Jesusa,Shin,Tullahoma,Coffee,TN,37388,931-273-8709,jshin@shin.com,http://www.carroccioathomasesq.com
Rolland,Francescon,Paterson,Passaic,NJ,7501,973-649-2922,rolland@cox.net,http://www.stanleyrichardlesq.com
Pamella,Schmierer,Homestead,Miami-Dade,FL,33030,305-420-8970,pamella.schmierer@schmierer.org,http://www.kcscstmmouldingswindows.com
Glory,Kulzer,Owings Mills,Baltimore,MD,21117,410-224-9462,gkulzer@kulzer.org,http://www.comfortinn.com
Shawna,Palaspas,Thousand Oaks,Ventura,CA,91362,805-275-3566,shawna_palaspas@palaspas.org,http://www.windsorjameslesq.com
Brandon,Callaro,Honolulu,Honolulu,HI,96819,808-215-6832,brandon_callaro@hotmail.com,http://www.jacksonshieldsyeiser.com
Scarlet,Cartan,Albany,Dougherty,GA,31701,229-735-3378,scarlet.cartan@yahoo.com,http://www.boxjcalvinesq.com
Oretha,Menter,Boston,Suffolk,MA,2210,617-418-5043,oretha_menter@yahoo.com,http://www.customengineeringinc.com
Ty,Smith,Hackensack,Bergen,NJ,7601,201-672-1553,tsmith@aol.com,http://www.breslereitelframggllryltd.com
Xuan,Rochin,San Mateo,San Mateo,CA,94403,650-933-5072,xuan@gmail.com,http://www.caroldrakesparksesq.com
Lindsey,Dilello,Ontario,San Bernardino,CA,91761,909-639-9887,lindsey.dilello@hotmail.com,http://www.biltmoreinvestorsbank.com
Devora,Perez,Oakland,Alameda,CA,94606,510-955-3016,devora_perez@perez.org,http://www.descoequipmentcorp.com
Herman,Demesa,Troy,Rensselaer,NY,12180,518-497-2940,hdemesa@cox.net,http://www.merlinelectricco.com
Rory,Papasergi,Clarks Summit,Lackawanna,PA,18411,570-867-7489,rpapasergi@cox.net,http://www.baileycntlcodivbabcock.com
Talia,Riopelle,Orange,Essex,NJ,7050,973-245-2133,talia_riopelle@aol.com,http://www.fordbrotherswholesaleinc.com
Van,Shire,Pittstown,Hunterdon,NJ,8867,908-409-2890,van.shire@shire.com,http://www.cambridgeinn.com
Lucina,Lary,Cocoa,Brevard,FL,32922,321-749-4981,lucina_lary@cox.net,http://www.matriccianialbertjjr.com
Bok,Isaacs,Bronx,Bronx,NY,10468,718-809-3762,bok.isaacs@aol.com,http://www.nelsonhawaiianltd.com
Rolande,Spickerman,Pearl City,Honolulu,HI,96782,808-315-3077,rolande.spickerman@spickerman.com,http://www.nelandtravelagency.com
Howard,Paulas,Denver,Denver,CO,80231,303-623-4241,hpaulas@gmail.com,http://www.asendorfjalanesq.com
Kimbery,Madarang,Rockaway,Morris,NJ,7866,973-310-1634,kimbery_madarang@cox.net,http://www.silbermanarthurlesq.com
Thurman,Manno,Absecon,Atlantic,NJ,8201,609-524-3586,thurman.manno@yahoo.com,http://www.honeybeebreedinggenetics.com
Becky,Mirafuentes,Plainfield,Union,NJ,7062,908-877-8409,becky.mirafuentes@mirafuentes.com,http://www.wellskravitzschnitzer.com
Beatriz,Corrington,Middleboro,Plymouth,MA,2346,508-584-4279,beatriz@yahoo.com,http://www.prohabrehabilitationservs.com
Marti,Maybury,Chicago,Cook,IL,60638,773-775-4522,marti.maybury@yahoo.com,http://www.eldridgekristinkesq.com
Nieves,Gotter,Portland,Multnomah,OR,97202,503-527-5274,nieves_gotter@gmail.com,http://www.vlahosjohnjesq.com
Leatha,Hagele,Dallas,Dallas,TX,75227,214-339-1809,lhagele@cox.net,http://www.ninasindiangrsvideos.com
Valentin,Klimek,Chicago,Cook,IL,60604,312-303-5453,vklimek@klimek.org,http://www.schmidgayannekesq.com
Melissa,Wiklund,Findlay,Hancock,OH,45840,419-939-3613,melissa@cox.net,http://www.moapavalleyfederalcreditun.com
Sheridan,Zane,Riverside,Riverside,CA,92501,951-645-3605,sheridan.zane@zane.com,http://www.kentuckytennesseeclayco.com
Bulah,Padilla,Waco,McLennan,TX,76707,254-463-4368,bulah_padilla@hotmail.com,http://www.admiralpartyrentalssales.com
Audra,Kohnert,Nashville,Davidson,TN,37211,615-406-7854,audra@kohnert.com,http://www.nelsonkarolynkingesq.com
Daren,Weirather,Milwaukee,Milwaukee,WI,53216,414-959-2540,dweirather@aol.com,http://www.panasystems.com
Fernanda,Jillson,Preston,Caroline,MD,21655,410-387-5260,fjillson@aol.com,http://www.shankedwardlesq.com
Gearldine,Gellinger,Irving,Dallas,TX,75061,972-934-6914,gearldine_gellinger@gellinger.com,http://www.megibowedwards.com
Chau,Kitzman,Beverly Hills,Los Angeles,CA,90212,310-560-8022,chau@gmail.com,http://www.benoffedwardesq.com
Theola,Frey,Massapequa,Nassau,NY,11758,516-948-5768,theola_frey@frey.com,http://www.woodbridgefreepubliclibrary.com
Cheryl,Haroldson,Atlantic City,Atlantic,NJ,8401,609-518-7697,cheryl@haroldson.org,http://www.newyorklifejohnthune.com
Laticia,Merced,Cincinnati,Hamilton,OH,45203,513-508-7371,lmerced@gmail.com,http://www.alinabalinc.com
Carissa,Batman,Eugene,Lane,OR,97401,541-326-4074,carissa.batman@yahoo.com,http://www.polettokimdavidesq.com
Lezlie,Craghead,Smithfield,Johnston,NC,27577,919-533-3762,lezlie.craghead@craghead.org,http://www.changcarolynesq.com
Ozell,Shealy,New York,New York,NY,10002,212-332-8435,oshealy@hotmail.com,http://www.silverbrosinc.com
Arminda,Parvis,Phoenix,Maricopa,AZ,85017,602-906-9419,arminda@parvis.com,http://www.newtecinc.com
Reita,Leto,Indianapolis,Marion,IN,46240,317-234-1135,reita.leto@gmail.com,http://www.creativebusinesssystems.com
Yolando,Luczki,Syracuse,Onondaga,NY,13214,315-304-4759,yolando@cox.net,http://www.daltilecorporation.com
Lizette,Stem,Cherry Hill,Camden,NJ,8002,856-487-5412,lizette.stem@aol.com,http://www.edwardskatz.com
Gregoria,Pawlowicz,Garden City,Nassau,NY,11530,516-212-1915,gpawlowicz@yahoo.com,http://www.ohmygoodknitsinc.com
Carin,Deleo,Little Rock,Pulaski,AR,72202,501-308-1040,cdeleo@deleo.com,http://www.redekerdebbie.com
Chantell,Maynerich,Saint Paul,Ramsey,MN,55101,651-591-2583,chantell@yahoo.com,http://www.desertsandsmotel.com
Dierdre,Yum,Philadelphia,Philadelphia,PA,19134,215-325-3042,dyum@yahoo.com,http://www.cumminssouthernplainsinc.com
Larae,Gudroe,Houma,Terrebonne,LA,70360,985-890-7262,larae_gudroe@gmail.com,http://www.lehighfurndivsnlehigh.com
Latrice,Tolfree,Ronkonkoma,Suffolk,NY,11779,631-957-7624,latrice.tolfree@hotmail.com,http://www.unitedvanlinesagent.com
Kerry,Theodorov,Sacramento,Sacramento,CA,95827,916-591-3277,kerry.theodorov@gmail.com,http://www.capitolreporters.com
Dorthy,Hidvegi,Boise,Ada,ID,83704,208-649-2373,dhidvegi@yahoo.com,http://www.kwikkopyprinting.com
Fannie,Lungren,Round Rock,Williamson,TX,78664,512-587-5746,fannie.lungren@yahoo.com,http://www.centroinc.com
Evangelina,Radde,Philadelphia,Philadelphia,PA,19123,215-964-3284,evangelina@aol.com,http://www.campbelljanesq.com
Novella,Degroot,Hilo,Hawaii,HI,96720,808-477-4775,novella_degroot@degroot.org,http://www.evansckellyesq.com
Clay,Hoa,Reno,Washoe,NV,89502,775-501-8109,choa@hoa.org,http://www.scatenterprises.com
Jennifer,Fallick,Wheeling,Cook,IL,60090,847-979-9545,jfallick@yahoo.com,http://www.nagledanieljesq.com
Irma,Wolfgramm,Randolph,Morris,NJ,7869,973-545-7355,irma.wolfgramm@hotmail.com,http://www.serendiquitybedbreakfast.com
Eun,Coody,Spartanburg,Spartanburg,SC,29301,864-256-3620,eun@yahoo.com,http://www.raycarolynerealty.com
Sylvia,Cousey,Hampstead,Carroll,MD,21074,410-209-9545,sylvia_cousey@cousey.org,http://www.bergcharlese.com
Nana,Wrinkles,Mount Vernon,Westchester,NY,10553,914-855-2115,nana@aol.com,http://www.raymilbernd.com
Layla,Springe,New York,New York,NY,10011,212-260-3151,layla.springe@cox.net,http://www.chaddsfordwinery.com
Joesph,Degonia,Berkeley,Alameda,CA,94710,510-677-9785,joesph_degonia@degonia.org,http://www.arpackaging.com
Annabelle,Boord,Concord,Middlesex,MA,1742,978-697-6263,annabelle.boord@cox.net,http://www.cornpopper.com
Stephaine,Vinning,San Francisco,San Francisco,CA,94104,415-767-6596,stephaine@cox.net,http://www.biritefoodservicedistr.com
Nelida,Sawchuk,Paramus,Bergen,NJ,7652,201-971-1638,nelida@gmail.com,http://www.anchoragemuseumofhistart.com
Marguerita,Hiatt,Oakley,Contra Costa,CA,94561,925-634-7158,marguerita.hiatt@gmail.com,http://www.habergeorgedmd.com
Carmela,Cookey,Chicago,Cook,IL,60623,773-494-4195,ccookey@cookey.org,http://www.royalpontiacoldsinc.com
Junita,Brideau,Cedar Grove,Essex,NJ,7009,973-943-3423,jbrideau@aol.com,http://www.leonardsantiquesinc.com
Claribel,Varriano,Perrysburg,Wood,OH,43551,419-544-4900,claribel_varriano@cox.net,http://www.meca.com
Benton,Skursky,Gardena,Los Angeles,CA,90248,310-579-2907,benton.skursky@aol.com,http://www.nerconengineeringmfginc.com
Hillary,Skulski,Homosassa,Citrus,FL,34448,352-242-2570,hillary.skulski@aol.com,http://www.replicai.com
Merilyn,Bayless,Santa Clara,Santa Clara,CA,95054,408-758-5015,merilyn_bayless@cox.net,http://www.printinginc.com
Teri,Ennaco,Hazleton,Luzerne,PA,18201,570-889-5187,tennaco@gmail.com,http://www.publishersgroupwest.com
Merlyn,Lawler,Jersey City,Hudson,NJ,7304,201-588-7810,merlyn_lawler@hotmail.com,http://www.nischwitzjeffreylesq.com
Georgene,Montezuma,San Ramon,Contra Costa,CA,94583,925-615-5185,gmontezuma@cox.net,http://www.paynebladeswellbornpa.com
Jettie,Mconnell,Bridgewater,Somerset,NJ,8807,908-802-3564,jmconnell@hotmail.com,http://www.coldwellbnkrwrightrealest.com
Lemuel,Latzke,Bohemia,Suffolk,NY,11716,631-748-6479,lemuel.latzke@gmail.com,http://www.computerrepairservice.com
Melodie,Knipp,Thousand Oaks,Ventura,CA,91362,805-690-1682,mknipp@gmail.com,http://www.fleetwoodbuildingblockinc.com
Candida,Corbley,Somerville,Somerset,NJ,8876,908-275-8357,candida_corbley@hotmail.com,http://www.coltsneckmedicalassocsinc.com
Karan,Karpin,Beaverton,Washington,OR,97005,503-940-8327,karan_karpin@gmail.com,http://www.newenglandtaxidermy.com
Andra,Scheyer,Salem,Marion,OR,97302,503-516-2189,andra@gmail.com,http://www.ludckegeorgeoesq.com
Felicidad,Poullion,Riverton,Burlington,NJ,8077,856-305-9731,fpoullion@poullion.com,http://www.mccorkletomsesq.com
Belen,Strassner,Douglasville,Douglas,GA,30135,770-507-8791,belen_strassner@aol.com,http://www.eaglesoftwareinc.com
Gracia,Melnyk,Jacksonville,Duval,FL,32216,904-235-3633,gracia@melnyk.com,http://www.juvenileadultsuper.com
Jolanda,Hanafan,Bangor,Penobscot,ME,4401,207-458-9196,jhanafan@gmail.com,http://www.perezjosephjesq.com
Barrett,Toyama,Kennedale,Tarrant,TX,76060,817-765-5781,barrett.toyama@toyama.org,http://www.casefoundationco.com
Helga,Fredicks,Buffalo,Erie,NY,14228,716-752-4114,helga_fredicks@yahoo.com,http://www.eisenvironmentalengrsinc.com
Ashlyn,Pinilla,Opa Locka,Miami-Dade,FL,33054,305-670-9628,apinilla@cox.net,http://www.artcrafters.com
Fausto,Agramonte,New York,New York,NY,10038,212-313-1783,fausto_agramonte@yahoo.com,http://www.marriotthotelsresortssuites.com
Ronny,Caiafa,Philadelphia,Philadelphia,PA,19103,215-605-7570,ronny.caiafa@caiafa.org,http://www.remacoinc.com
Marge,Limmel,Crestview,Okaloosa,FL,32536,850-430-1663,marge@gmail.com,http://www.bjorkrobertdjr.com
Norah,Waymire,San Francisco,San Francisco,CA,94107,415-306-7897,norah.waymire@gmail.com,http://www.carmichaeljefferylesq.com
Aliza,Baltimore,San Jose,Santa Clara,CA,95132,408-504-3552,aliza@aol.com,http://www.andrewsjrobertesq.com
Mozell,Pelkowski,South San Francisco,San Mateo,CA,94080,650-947-1215,mpelkowski@pelkowski.org,http://www.winshipbyrne.com
Viola,Bitsuie,Northridge,Los Angeles,CA,91325,818-864-4875,viola@gmail.com,http://www.burtondavis.com
Franklyn,Emard,Philadelphia,Philadelphia,PA,19103,215-558-8189,femard@emard.com,http://www.olympicgraphicarts.com
Willodean,Konopacki,Lafayette,Lafayette,LA,70506,337-253-8384,willodean_konopacki@konopacki.org,http://www.magnuson.com
Beckie,Silvestrini,Dearborn,Wayne,MI,48126,313-533-4884,beckie.silvestrini@silvestrini.com,http://www.aallamericantravelinc.com
Rebecka,Gesick,Austin,Travis,TX,78754,512-213-8574,rgesick@gesick.org,http://www.polykoteinc.com
Frederica,Blunk,Dallas,Dallas,TX,75207,214-428-2285,frederica_blunk@gmail.com,http://www.jetscybernetics.com
Glen,Bartolet,Vashon,King,WA,98070,206-697-5796,glen_bartolet@hotmail.com,http://www.metlabtestingservices.com
Freeman,Gochal,Coatesville,Chester,PA,19320,610-476-3501,freeman_gochal@aol.com,http://www.kellermannwilliamtesq.com
Vincent,Meinerding,Philadelphia,Philadelphia,PA,19143,215-372-1718,vincent.meinerding@hotmail.com,http://www.arturipeterdesq.com
Rima,Bevelacqua,Gardena,Los Angeles,CA,90248,310-858-5079,rima@cox.net,http://www.mcauleymfgco.com
Glendora,Sarbacher,Rohnert Park,Sonoma,CA,94928,707-653-8214,gsarbacher@gmail.com,http://www.defurvoranhanleyradcliff.com
Avery,Steier,Orlando,Orange,FL,32803,407-808-9439,avery@cox.net,http://www.dilldillcarrstonbrakerpc.com
Cristy,Lother,Escondido,San Diego,CA,92025,760-971-4322,cristy@lother.com,http://www.kleensteel.com
Nicolette,Brossart,Westborough,Worcester,MA,1581,508-837-9230,nicolette_brossart@brossart.com,http://www.gouldspumpsincslurrypump.com
Tracey,Modzelewski,Conroe,Montgomery,TX,77301,936-264-9294,tracey@hotmail.com,http://www.kansascityinsurancereport.com
Virgina,Tegarden,Milwaukee,Milwaukee,WI,53226,414-214-8697,virgina_tegarden@tegarden.com,http://www.berhanuinternationalfoods.com
Tiera,Frankel,El Monte,Los Angeles,CA,91731,626-636-4117,tfrankel@aol.com,http://www.rolandashcroft.com
Alaine,Bergesen,Yonkers,Westchester,NY,10701,914-300-9193,alaine_bergesen@cox.net,http://www.hispanicmagazine.com
Earleen,Mai,Dallas,Dallas,TX,75227,214-289-1973,earleen_mai@cox.net,http://www.littlesheetmetalco.com
Leonida,Gobern,Biloxi,Harrison,MS,39530,228-235-5615,leonida@gobern.org,http://www.holmesarmsteadjesq.com
Ressie,Auffrey,Miami,Miami-Dade,FL,33134,305-604-8981,ressie.auffrey@yahoo.com,http://www.fawjamesccpa.com
Justine,Mugnolo,New York,New York,NY,10048,212-304-9225,jmugnolo@yahoo.com,http://www.evansrulecompany.com
Eladia,Saulter,Ramsey,Bergen,NJ,7446,201-474-4924,eladia@saulter.com,http://www.tyeeproductionsinc.com
Chaya,Malvin,Ann Arbor,Washtenaw,MI,48103,734-928-5182,chaya@malvin.com,http://www.dunnellsduvall.com
Gwenn,Suffield,Deer Park,Suffolk,NY,11729,631-258-6558,gwenn_suffield@suffield.org,http://www.deltamsystemsinc.com
Salena,Karpel,Canton,Stark,OH,44707,330-791-8557,skarpel@cox.net,http://www.hammillmfgco.com
Yoko,Fishburne,New Haven,New Haven,CT,6511,203-506-4706,yoko@fishburne.com,http://www.samscornerstore.com
Taryn,Moyd,Fairfax,Fairfax City,VA,22030,703-322-4041,taryn.moyd@hotmail.com,http://www.siskinmarkjesq.com
Katina,Polidori,Wilmington,Middlesex,MA,1887,978-626-2978,katina_polidori@aol.com,http://www.capeassociatesrealestate.com
Rickie,Plumer,Toledo,Lucas,OH,43613,419-693-1334,rickie.plumer@aol.com,http://www.merrilllynch.com
Alex,Loader,Tacoma,Pierce,WA,98409,253-660-7821,alex@loader.com,http://www.sublettscottesq.com
Lashon,Vizarro,Roseville,Placer,CA,95661,916-741-7884,lashon@aol.com,http://www.sentrysigns.com
Lauran,Burnard,Riverton,Fremont,WY,82501,307-342-7795,lburnard@burnard.com,http://www.professionalsunlimited.com
Ceola,Setter,Warren,Knox,ME,4864,207-627-7565,ceola.setter@setter.org,http://www.southernsteelshelvingco.com
My,Rantanen,Richboro,Bucks,PA,18954,215-491-5633,my@hotmail.com,http://www.boscopaulj.com
Lorrine,Worlds,Tampa,Hillsborough,FL,33614,813-769-2939,lorrine.worlds@worlds.com,http://www.longonicholasjesq.com
Peggie,Sturiale,El Cajon,San Diego,CA,92020,619-608-1763,peggie@cox.net,http://www.henrycountymiddleschool.com
Marvel,Raymo,College Station,Brazos,TX,77840,979-718-8968,mraymo@yahoo.com,http://www.edisonsupplyequipmentco.com
Daron,Dinos,Highland Park,Lake,IL,60035,847-233-3075,daron_dinos@cox.net,http://www.wolfwarrenresq.com
An,Fritz,Atlantic City,Atlantic,NJ,8401,609-228-5265,an_fritz@hotmail.com,http://www.linguisticsystemsinc.com
Portia,Stimmel,Bridgewater,Somerset,NJ,8807,908-722-7128,portia.stimmel@aol.com,http://www.peacechristiancenter.com
Rhea,Aredondo,Brooklyn,Kings,NY,11226,718-560-9537,rhea_aredondo@cox.net,http://www.doublebfoodsinc.com
Benedict,Sama,Saint Louis,Saint Louis City,MO,63104,314-787-1588,bsama@cox.net,http://www.alexanderalexanderinc.com
Alyce,Arias,Stockton,San Joaquin,CA,95207,209-317-1801,alyce@arias.org,http://www.fairbanksscales.com
Heike,Berganza,Little Falls,Passaic,NJ,7424,973-936-5095,heike@gmail.com,http://www.calisportswearcuttingdept.com
Carey,Dopico,Indianapolis,Marion,IN,46220,317-578-2453,carey_dopico@dopico.org,http://www.garofanijohnesq.com
Dottie,Hellickson,Seattle,King,WA,98133,206-540-6076,dottie@hellickson.org,http://www.thompsonfabricatingco.com
Deandrea,Hughey,Burlington,Alamance,NC,27215,336-822-7652,deandrea@yahoo.com,http://www.centurykrallrealestate.com
Kimberlie,Duenas,Hays,Ellis,KS,67601,785-629-8542,kimberlie_duenas@yahoo.com,http://www.midcontntlrltypropmgmt.com
Martina,Staback,Orlando,Orange,FL,32822,407-471-6908,martina_staback@staback.com,http://www.acesignsinc.com
Skye,Fillingim,Minneapolis,Hennepin,MN,55401,612-508-2655,skye_fillingim@yahoo.com,http://www.rodewayinn.com
Jade,Farrar,Columbia,Richland,SC,29201,803-352-5387,jade.farrar@yahoo.com,http://www.bonnetdaughter.com
Charlene,Hamilton,Santa Rosa,Sonoma,CA,95407,707-300-1771,charlene.hamilton@hotmail.com,http://www.oshinsgibbons.com
Geoffrey,Acey,Palatine,Cook,IL,60067,847-222-1734,geoffrey@gmail.com,http://www.pricebusinessservices.com
Stevie,Westerbeck,Costa Mesa,Orange,CA,92626,949-867-4077,stevie.westerbeck@yahoo.com,http://www.wisedenniswmd.com
Pamella,Fortino,Denver,Denver,CO,80212,303-404-2210,pamella@fortino.com,http://www.supermotel.com
Harrison,Haufler,New Haven,New Haven,CT,6515,203-801-6193,hhaufler@hotmail.com,http://www.johnwagnerassociates.com
Johnna,Engelberg,Bothell,Snohomish,WA,98021,425-986-7573,jengelberg@engelberg.org,http://www.thriftyoilco.com
Buddy,Cloney,Strongsville,Cuyahoga,OH,44136,440-989-5826,buddy.cloney@yahoo.com,http://www.larkfieldphoto.com
Dalene,Riden,Plaistow,Rockingham,NH,3865,603-315-6839,dalene.riden@aol.com,http://www.silvermanplanetarium.com
Jerry,Zurcher,Satellite Beach,Brevard,FL,32937,321-518-5938,jzurcher@zurcher.org,http://www.jflumber.com
Haydee,Denooyer,New York,New York,NY,10016,212-792-8658,hdenooyer@denooyer.org,http://www.cleaningstationinc.com
Joseph,Cryer,Huntington Beach,Orange,CA,92647,714-584-2237,joseph_cryer@cox.net,http://www.amesstationers.com
Deonna,Kippley,Southfield,Oakland,MI,48075,248-913-4677,deonna_kippley@hotmail.com,http://www.midasmufflershops.com
Raymon,Calvaresi,Indianapolis,Marion,IN,46222,317-825-4724,raymon.calvaresi@gmail.com,http://www.seaboardsecuritiesinc.com
Alecia,Bubash,Wichita Falls,Wichita,TX,76301,940-276-7922,alecia@aol.com,http://www.petersenjameseesq.com
Ma,Layous,North Haven,New Haven,CT,6473,203-721-3388,mlayous@hotmail.com,http://www.developmentauthority.com
Detra,Coyier,Aberdeen,Harford,MD,21001,410-739-9277,detra@aol.com,http://www.schottfiberopticsinc.com
Terrilyn,Rodeigues,New Orleans,Orleans,LA,70130,504-463-4384,terrilyn.rodeigues@cox.net,http://www.stuartjagins.com
Salome,Lacovara,Richmond,Richmond City,VA,23219,804-550-5097,slacovara@gmail.com,http://www.mitsumielectronicscorp.com
Garry,Keetch,Southampton,Bucks,PA,18966,215-979-8776,garry_keetch@hotmail.com,http://www.italianexpressfranchisecorp.com
Matthew,Neither,Shakopee,Scott,MN,55379,952-651-7597,mneither@yahoo.com,http://www.americancouncilonscihlth.com
Theodora,Restrepo,Miami,Miami-Dade,FL,33136,305-936-8226,theodora.restrepo@restrepo.com,http://www.kleripatriciasesq.com
Noah,Kalafatis,Milwaukee,Milwaukee,WI,53209,414-263-5287,noah.kalafatis@aol.com,http://www.twiggsabramsblanchard.com
Carmen,Sweigard,Somerset,Somerset,NJ,8873,732-941-2621,csweigard@sweigard.com,http://www.mauiresearchtechnologypk.com
Lavonda,Hengel,Fargo,Cass,ND,58102,701-898-2154,lavonda@cox.net,http://www.bradleynameplatecorp.com
Junita,Stoltzman,Carson City,Carson City,NV,89701,775-638-9963,junita@aol.com,http://www.geonexmartelinc.com
Herminia,Nicolozakes,Scottsdale,Maricopa,AZ,85254,602-954-5141,herminia@nicolozakes.org,http://www.seaislanddivoffstrindinc.com
Casie,Good,Nashville,Davidson,TN,37211,615-390-2251,casie.good@aol.com,http://www.papaydebbiejesq.com
Reena,Maisto,Salisbury,Wicomico,MD,21801,410-351-1863,reena@hotmail.com,http://www.lanepromotions.com
Mirta,Mallett,New York,New York,NY,10004,212-870-1286,mirta_mallett@gmail.com,http://www.stephenkennerlyarchtsincpc.com
Cathrine,Pontoriero,Amarillo,Randall,TX,79109,806-703-1435,cathrine.pontoriero@pontoriero.com,http://www.businesssystemsofwisinc.com
Filiberto,Tawil,Los Angeles,Los Angeles,CA,90016,323-765-2528,ftawil@hotmail.com,http://www.flashelenasalernoesq.com
Raul,Upthegrove,La Mesa,San Diego,CA,91942,619-509-5282,rupthegrove@yahoo.com,http://www.neeleygregorywesq.com
Sarah,Candlish,Atlanta,Fulton,GA,30328,770-732-1194,sarah.candlish@gmail.com,http://www.alabamaeducationaltvcomm.com
Lucy,Treston,Worcester,Worcester,MA,1602,508-769-5250,lucy@cox.net,http://www.franzinc.com
Judy,Aquas,Niles,Berrien,MI,49120,269-756-7222,jaquas@aquas.com,http://www.plantationrestaurant.com
Yvonne,Tjepkema,Fairfield,Essex,NJ,7004,973-714-1721,yvonne.tjepkema@hotmail.com,http://www.radiocommunicationsco.com
Kayleigh,Lace,Lafayette,Lafayette,LA,70508,337-740-9323,kayleigh.lace@yahoo.com,http://www.dentalawdivsnhlthcare.com
Felix,Hirpara,Denver,Lancaster,PA,17517,717-491-5643,felix_hirpara@cox.net,http://www.americanspeedyprintingctrs.com
Tresa,Sweely,Valley Park,Saint Louis,MO,63088,314-359-9566,tresa_sweely@hotmail.com,http://www.graysongrantsesq.com
Kristeen,Turinetti,Arlington,Tarrant,TX,76013,817-213-8851,kristeen@gmail.com,http://www.jeanerettemiddleschool.com
Jenelle,Regusters,Tampa,Hillsborough,FL,33619,813-932-8715,jregusters@regusters.com,http://www.haavistobrianfesq.com
Renea,Monterrubio,Atlanta,Fulton,GA,30328,770-679-4752,renea@hotmail.com,http://www.wmmtradiostation.com
Olive,Matuszak,Cathedral City,Riverside,CA,92234,760-938-6069,olive@aol.com,http://www.colonypaintssalesofcplnt.com
Ligia,Reiber,Lansing,Ingham,MI,48933,517-906-1108,lreiber@cox.net,http://www.floralexpressions.com
Christiane,Eschberger,Phoenix,Maricopa,AZ,85034,602-390-4944,christiane.eschberger@yahoo.com,http://www.cascoservicesinc.com
Goldie,Schirpke,Bangor,Penobscot,ME,4401,207-295-7569,goldie.schirpke@yahoo.com,http://www.reuterarthurcjr.com
Loreta,Timenez,Clinton,Prince Georges,MD,20735,301-696-6420,loreta.timenez@hotmail.com,http://www.kaminskikatherineandritsaki.com
Fabiola,Hauenstein,York,York,PA,17404,717-809-3119,fabiola.hauenstein@hauenstein.org,http://www.sidewinderproductscorp.com
Amie,Perigo,Mesquite,Dallas,TX,75150,972-419-7946,amie.perigo@yahoo.com,http://www.generalfoamcorporation.com
Raina,Brachle,Butte,Silver Bow,MT,59701,406-318-1515,raina.brachle@brachle.org,http://www.ikgbordendivsnharscocorp.com
Erinn,Canlas,Livingston,Essex,NJ,7039,973-767-3008,erinn.canlas@canlas.com,http://www.anchorcomputerinc.com
Cherry,Lietz,Waterford,Oakland,MI,48329,248-980-6904,cherry@lietz.com,http://www.sebringco.com
Kattie,Vonasek,Cleveland,Cuyahoga,OH,44103,216-923-3715,kattie@vonasek.org,http://www.hacfarmlinescooptvassoc.com
Lilli,Scriven,Abilene,Taylor,TX,79601,325-631-1560,lilli@aol.com,http://www.hunterjohnjesq.com
Whitley,Tomasulo,Fort Worth,Tarrant,TX,76107,817-526-4408,whitley.tomasulo@aol.com,http://www.freeholdfenceco.com
Barbra,Adkin,Brooklyn,Kings,NY,11230,718-201-3751,badkin@hotmail.com,http://www.binswanger.com
Hermila,Thyberg,Providence,Providence,RI,2903,401-893-4882,hermila_thyberg@hotmail.com,http://www.chiltonmaltingco.com
Jesusita,Flister,Lancaster,Lancaster,PA,17601,717-885-9118,jesusita.flister@hotmail.com,http://www.schoenedwardjjr.com
Caitlin,Julia,Johnston,Providence,RI,2919,401-948-4982,caitlin.julia@julia.org,http://www.heldermanseymourcpa.com
Roosevelt,Hoffis,Hialeah,Miami-Dade,FL,33014,305-622-4739,roosevelt.hoffis@aol.com,http://www.denbrookmyron.com
Helaine,Halter,Jersey City,Hudson,NJ,7304,201-832-4168,hhalter@yahoo.com,http://www.lippittmike.com
Lorean,Martabano,San Antonio,Bexar,TX,78204,210-856-4979,lorean.martabano@hotmail.com,http://www.hiramhoggpesq.com
France,Buzick,Brooklyn,Kings,NY,11219,718-478-8504,france.buzick@yahoo.com,http://www.intravelagency.com
Justine,Ferrario,Pomona,Los Angeles,CA,91768,909-993-3242,jferrario@hotmail.com,http://www.newhartfoodsinc.com
Adelina,Nabours,Cleveland,Cuyahoga,OH,44103,216-230-4892,adelina_nabours@gmail.com,http://www.courtyardbymarriott.com
Derick,Dhamer,New York,New York,NY,10013,212-304-4515,ddhamer@cox.net,http://www.studereugeneaesq.com
Jerry,Dallen,Richmond,Richmond City,VA,23219,804-762-9576,jerry.dallen@yahoo.com,http://www.seashoresupplycowaretown.com
Leota,Ragel,Trion,Chattooga,GA,30753,706-221-4243,leota.ragel@gmail.com,http://www.mayarsilkinc.com
Jutta,Amyot,Broussard,Lafayette,LA,70518,337-515-1438,jamyot@hotmail.com,http://www.nationalmedicalexcesscorp.com
Aja,Gehrett,Nutley,Essex,NJ,7110,973-544-2677,aja_gehrett@hotmail.com,http://www.sterocompany.com
Kirk,Herritt,Vestal,Broome,NY,13850,607-407-3716,kirk.herritt@aol.com,http://www.hastinghduaneesq.com
Leonora,Mauson,Passaic,Passaic,NJ,7055,973-412-2995,leonora@yahoo.com,http://www.instyprints.com
Winfred,Brucato,Moscow,Latah,ID,83843,208-252-4552,winfred_brucato@hotmail.com,http://www.glenridgemanormobilehomepk.com
Tarra,Nachor,San Francisco,San Francisco,CA,94104,415-411-1775,tarra.nachor@cox.net,http://www.circuitsolutioninc.com
Corinne,Loder,North Attleboro,Bristol,MA,2760,508-942-4186,corinne@loder.org,http://www.localoffice.com
Dulce,Labreche,Rochester,Oakland,MI,48307,248-357-8718,dulce_labreche@yahoo.com,http://www.leekilkellypaulsonkabaker.com
Kate,Keneipp,Green Bay,Brown,WI,54301,920-353-6377,kate_keneipp@yahoo.com,http://www.davismaxonresq.com
Kaitlyn,Ogg,Baltimore,Baltimore City,MD,21230,410-665-4903,kaitlyn.ogg@gmail.com,http://www.garrisonpauleesq.com
Sherita,Saras,Colorado Springs,El Paso,CO,80937,719-669-1664,sherita.saras@cox.net,http://www.blackhistoryresourcecenter.com
Lashawnda,Stuer,Toledo,Lucas,OH,43607,419-588-8719,lstuer@cox.net,http://www.rodriguezjchristopheresq.com
Ernest,Syrop,Hyattsville,Prince Georges,MD,20785,301-998-9644,ernest@cox.net,http://www.grantfamilyhealthcenter.com
Nobuko,Halsey,New Bedford,Bristol,MA,2745,508-855-9887,nobuko.halsey@yahoo.com,http://www.goemanwoodproductsinc.com
Lavonna,Wolny,Mc Lean,Fairfax,VA,22102,703-483-1970,lavonna.wolny@hotmail.com,http://www.linhareskennethaesq.com
Lashaunda,Lizama,Hanover,Anne Arundel,MD,21076,410-678-2473,llizama@cox.net,http://www.earnhardtprinting.com
Mariann,Bilden,Austin,Travis,TX,78753,512-223-4791,mariann.bilden@aol.com,http://www.hpgindustrysinc.com
Helene,Rodenberger,Peoria,Maricopa,AZ,85381,623-461-8551,helene@aol.com,http://www.baileytransportationprodinc.com
Roselle,Estell,Bucyrus,Crawford,OH,44820,419-571-5920,roselle.estell@hotmail.com,http://www.mcglynnblisspc.com
Samira,Heintzman,Kent,King,WA,98032,206-311-4137,sheintzman@hotmail.com,http://www.mutualfishco.com
Margart,Meisel,Cincinnati,Hamilton,OH,45251,513-617-2362,margart_meisel@yahoo.com,http://www.yeatesarthurlaia.com
Kristofer,Bennick,Bloomington,Monroe,IN,47404,812-368-1511,kristofer.bennick@yahoo.com,http://www.loganronaldjesq.com
Weldon,Acuff,Arlington Heights,Cook,IL,60004,847-353-2156,wacuff@gmail.com,http://www.advantagemartgagecompany.com
Shalon,Shadrick,Brooklyn,Kings,NY,11223,718-232-2337,shalon@cox.net,http://www.germerandgertzllp.com
Denise,Patak,Orlando,Orange,FL,32801,407-446-4358,denise@patak.org,http://www.spencelawoffices.com
Louvenia,Beech,Beverly Hills,Los Angeles,CA,90210,310-820-2117,louvenia.beech@beech.com,http://www.johnortizntstherapycenter.com
Audry,Yaw,Brandon,Hillsborough,FL,33511,813-797-4816,audry.yaw@yaw.org,http://www.mikeuchrinhtgaircondinc.com
Kristel,Ehmann,El Paso,El Paso,TX,79925,915-452-1290,kristel.ehmann@aol.com,http://www.mccoyjoyreynoldsesq.com
Vincenza,Zepp,El Cajon,San Diego,CA,92020,619-603-5125,vzepp@gmail.com,http://www.kboram.com
Elouise,Gwalthney,Bladensburg,Prince Georges,MD,20710,301-841-5012,egwalthney@yahoo.com,http://www.qualityinnnorthwest.com
Venita,Maillard,Anaheim,Orange,CA,92801,714-523-6653,venita_maillard@gmail.com,http://www.wallacechurchassocinc.com
Kasandra,Semidey,Saint Louis,Saint Louis City,MO,63102,314-732-9131,kasandra_semidey@semidey.com,http://www.cantron.com
Xochitl,Discipio,Round Rock,Williamson,TX,78664,512-233-1831,xdiscipio@gmail.com,http://www.ravaalenterprisesinc.com
Maile,Linahan,Greensboro,Guilford,NC,27409,336-670-2640,mlinahan@yahoo.com,http://www.thompsonsteelcompanyinc.com
Krissy,Rauser,Coram,Suffolk,NY,11727,631-443-4710,krauser@cox.net,http://www.andersonmarkaesq.com
Pete,Dubaldi,Lyndhurst,Bergen,NJ,7071,201-825-2514,pdubaldi@hotmail.com,http://www.womackgalich.com
Linn,Paa,Memphis,Shelby,TN,38112,901-412-4381,linn_paa@paa.com,http://www.valeriecompany.com
Paris,Wide,Atlanta,Fulton,GA,30342,404-505-4445,paris@hotmail.com,http://www.gehringpumpsinc.com
Wynell,Dorshorst,Pacifica,San Mateo,CA,94044,650-473-1262,wynell_dorshorst@dorshorst.org,http://www.haehnelcraigwesq.com
Quentin,Birkner,Burnsville,Dakota,MN,55337,952-702-7993,qbirkner@aol.com,http://www.spoorbehrinscampbellyoung.com
Regenia,Kannady,Scottsdale,Maricopa,AZ,85260,480-726-1280,regenia.kannady@cox.net,http://www.kenjeterstoreequipmentinc.com
Sheron,Louissant,Long Island City,Queens,NY,11101,718-976-8610,sheron@aol.com,http://www.potterbrendajcpa.com
Izetta,Funnell,Atlanta,Dekalb,GA,30340,770-844-3447,izetta.funnell@hotmail.com,http://www.bairdkurtzdobson.com
Rodolfo,Butzen,Northfield,Rice,MN,55057,507-210-3510,rodolfo@hotmail.com,http://www.minorcynthiaaesq.com
Zona,Colla,Norwalk,Fairfield,CT,6854,203-461-1949,zona@hotmail.com,http://www.soloverobertaesq.com
Serina,Zagen,Fort Wayne,Allen,IN,46802,260-273-3725,szagen@aol.com,http://www.markiiimportsinc.com
Paz,Sahagun,Meridian,Lauderdale,MS,39307,601-927-8287,paz_sahagun@cox.net,http://www.whitesigndivctrlequipco.com
Markus,Lukasik,Sterling Heights,Macomb,MI,48310,586-970-7380,markus@yahoo.com,http://www.mmstorefixturescoinc.com
Jaclyn,Bachman,Colorado Springs,El Paso,CO,80919,719-853-3600,jaclyn@aol.com,http://www.judahcasterwheelco.com
Cyril,Daufeldt,New York,New York,NY,10013,212-745-8484,cyril_daufeldt@daufeldt.com,http://www.galaxyinternationalinc.com
Gayla,Schnitzler,Hayward,Alameda,CA,94545,510-686-3407,gschnitzler@gmail.com,http://www.sigmacorpofamerica.com
Erick,Nievas,Chicago,Cook,IL,60624,773-704-9903,erick_nievas@aol.com,http://www.sowardanneesq.com
Jennie,Drymon,Scranton,Lackawanna,PA,18509,570-218-4831,jennie@cox.net,http://www.osbornemichellemesq.com
Mitsue,Scipione,Oroville,Butte,CA,95965,530-986-9272,mscipione@scipione.com,http://www.studentsinfreeentrprsnatl.com
Ciara,Ventura,Port Jervis,Orange,NY,12771,845-823-8877,cventura@yahoo.com,http://www.johnsonrobertmesq.com
Galen,Cantres,Brook Park,Cuyahoga,OH,44142,216-600-6111,galen@yahoo.com,http://www.delcharroapartments.com
Truman,Feichtner,Bloomfield,Essex,NJ,7003,973-852-2736,tfeichtner@yahoo.com,http://www.legalsearchinc.com
Gail,Kitty,Anchorage,Anchorage,AK,99501,907-435-9166,gail@kitty.com,http://www.servicesupplycoinc.com
Dalene,Schoeneck,Philadelphia,Philadelphia,PA,19102,215-268-1275,dalene@schoeneck.org,http://www.sameshimadouglasjesq.com
Gertude,Witten,Cincinnati,Hamilton,OH,45217,513-977-7043,gertude.witten@gmail.com,http://www.thompsonjohnrandolphjr.com
Lizbeth,Kohl,Gardena,Los Angeles,CA,90248,310-699-1222,lizbeth@yahoo.com,http://www.etbalancingcoinc.com
Glenn,Berray,Des Moines,Polk,IA,50315,515-370-7348,gberray@gmail.com,http://www.griswoldjohneesq.com
Lashandra,Klang,King of Prussia,Montgomery,PA,19406,610-809-1818,lashandra@yahoo.com,http://www.acquagroup.com
Lenna,Newville,Raleigh,Wake,NC,27601,919-623-2524,lnewville@newville.com,http://www.brooksmorrisjjr.com
Laurel,Pagliuca,Richland,Benton,WA,99352,509-695-5199,laurel@yahoo.com,http://www.printingimagescorp.com
Mireya,Frerking,Pelham,Westchester,NY,10803,914-868-5965,mireya.frerking@hotmail.com,http://www.robertssupplycoinc.com
Annelle,Tagala,Parkville,Baltimore,MD,21234,410-757-1035,annelle@yahoo.com,http://www.vicoproductsmfgco.com
Dean,Ketelsen,Hicksville,Nassau,NY,11801,516-847-4418,dean_ketelsen@gmail.com,http://www.jmcustomdesignmillwork.com
Levi,Munis,Worcester,Worcester,MA,1603,508-456-4907,levi.munis@gmail.com,http://www.farrelljohnsonofficeequip.com
Sylvie,Ryser,Tulsa,Tulsa,OK,74105,918-644-9555,sylvie@aol.com,http://www.millersmarketdeli.com
Sharee,Maile,Muskegon,Muskegon,MI,49442,231-467-9978,sharee_maile@aol.com,http://www.holidayinnnaperville.com
Cordelia,Storment,Lafayette,Lafayette,LA,70506,337-566-6001,cordelia_storment@aol.com,http://www.burrowsjonhesq.com
Mollie,Mcdoniel,Bowling Green,Wood,OH,43402,419-975-3182,mollie_mcdoniel@yahoo.com,http://www.docksealspecialty.com
Brett,Mccullan,La Mesa,San Diego,CA,91942,619-461-9984,brett.mccullan@mccullan.com,http://www.fivestarlimousinesoftxinc.com
Teddy,Pedrozo,Bridgeport,Fairfield,CT,6610,203-892-3863,teddy_pedrozo@aol.com,http://www.barkannealjesq.com
Tasia,Andreason,Kearny,Hudson,NJ,7032,201-920-9002,tasia_andreason@yahoo.com,http://www.campbellroberta.com
Hubert,Walthall,Barberton,Summit,OH,44203,330-903-1345,hubert@walthall.org,http://www.deedeanna.com
Arthur,Farrow,Englewood,Bergen,NJ,7631,201-238-5688,arthur.farrow@yahoo.com,http://www.youngtimothylesq.com
Vilma,Berlanga,Grand Rapids,Kent,MI,49546,616-737-3085,vberlanga@berlanga.com,http://www.wellsdfredesq.com
Billye,Miro,Pearl,Rankin,MS,39208,601-567-5386,billye_miro@cox.net,http://www.grayfrancinehesq.com
Glenna,Slayton,Memphis,Shelby,TN,38118,901-640-9178,glenna_slayton@cox.net,http://www.toledoivcare.com
Mitzie,Hudnall,Englewood,Arapahoe,CO,80110,303-402-1940,mitzie_hudnall@yahoo.com,http://www.cangrotransmissionco.com
Bernardine,Rodefer,Memphis,Shelby,TN,38112,901-901-4726,bernardine_rodefer@yahoo.com,http://www.satpolyinc.com
Staci,Schmaltz,Pasadena,Los Angeles,CA,91106,626-866-2339,staci_schmaltz@aol.com,http://www.midwestcontractingmfginc.com
Nichelle,Meteer,Chicago,Cook,IL,60657,773-225-9985,nichelle_meteer@meteer.com,http://www.printdoctor.com
Janine,Rhoden,Astoria,Queens,NY,11103,718-228-5894,jrhoden@yahoo.com,http://www.nordicgroupinc.com
Ettie,Hoopengardner,Richland,Benton,WA,99352,509-755-5393,ettie.hoopengardner@hotmail.com,http://www.jacksonmillworkco.com
Eden,Jayson,Baltimore,Baltimore City,MD,21202,410-890-7866,eden_jayson@yahoo.com,http://www.harriscorporation.com
Lynelle,Auber,Newark,Essex,NJ,7104,973-860-8610,lynelle_auber@gmail.com,http://www.unitedcerebralpalsyofnepa.com
Merissa,Tomblin,Bellflower,Los Angeles,CA,90706,562-579-6900,merissa.tomblin@gmail.com,http://www.onedaysurgerycenterinc.com
Golda,Kaniecki,Toms River,Ocean,NJ,8755,732-628-9909,golda_kaniecki@yahoo.com,http://www.calaverasprospect.com
Catarina,Gleich,Denville,Morris,NJ,7834,973-210-3994,catarina_gleich@hotmail.com,http://www.terkroberteesq.com
Virgie,Kiel,Denver,Denver,CO,80216,303-776-7548,vkiel@hotmail.com,http://www.cullenterrencepesq.com
Jolene,Ostolaza,Newport News,Newport News City,VA,23608,757-682-7116,jolene@yahoo.com,http://www.centraldiecastingmfgcoinc.com
Keneth,Borgman,Phoenix,Maricopa,AZ,85012,602-919-4211,keneth@yahoo.com,http://www.centerlineengineering.com
Rikki,Nayar,Miami,Miami-Dade,FL,33155,305-968-9487,rikki@nayar.com,http://www.targankievitpa.com
Elke,Sengbusch,Phoenix,Maricopa,AZ,85013,602-896-2993,elke_sengbusch@yahoo.com,http://www.rileyriperhollincolagreco.com
Hoa,Sarao,Oak Hill,Volusia,FL,32759,386-526-7800,hoa@sarao.org,http://www.kaplanjoelsesq.com
Trinidad,Mcrae,San Francisco,San Francisco,CA,94105,415-331-9634,trinidad_mcrae@yahoo.com,http://www.wateroffice.com
Mari,Lueckenbach,San Diego,San Diego,CA,92110,858-793-9684,mari_lueckenbach@yahoo.com,http://www.westbrooksnelsonejr.com
Selma,Husser,Jersey City,Hudson,NJ,7306,201-991-8369,selma.husser@cox.net,http://www.armoncommunications.com
Antione,Onofrio,San Bernardino,San Bernardino,CA,92410,909-430-7765,aonofrio@onofrio.com,http://www.jacobsgerberinc.com
Luisa,Jurney,Cambridge,Middlesex,MA,2138,617-365-2134,ljurney@hotmail.com,http://www.forestfirelaboratory.com
Clorinda,Heimann,Escondido,San Diego,CA,92025,760-291-5497,clorinda.heimann@hotmail.com,http://www.haugheycharlesjr.com
Dick,Wenzinger,Gardena,Los Angeles,CA,90248,310-510-9713,dick@yahoo.com,http://www.wheatonplasticproducts.com
Ahmed,Angalich,Harrisburg,Dauphin,PA,17110,717-528-8996,ahmed.angalich@angalich.com,http://www.reeseplastics.com
Iluminada,Ohms,Mesa,Maricopa,AZ,85204,480-293-2882,iluminada.ohms@yahoo.com,http://www.nazettemarnergoodwendt.com
Joanna,Leinenbach,Lake Worth,Palm Beach,FL,33461,561-470-4574,joanna_leinenbach@hotmail.com,http://www.levinsonaxelrodwheaton.com
Caprice,Suell,Nashville,Davidson,TN,37211,615-246-1824,caprice@aol.com,http://www.egnorwdanesq.com
Stephane,Myricks,Burlington,Boone,KY,41005,859-717-7638,stephane_myricks@cox.net,http://www.portlandcentralthriftlodge.com
Quentin,Swayze,Milan,Monroe,MI,48160,734-561-6170,quentin_swayze@yahoo.com,http://www.ulbrichtrucking.com
Annmarie,Castros,Conroe,Montgomery,TX,77301,936-751-7961,annmarie_castros@gmail.com,http://www.tipiakinc.com
Shonda,Greenbush,Clifton,Passaic,NJ,7011,973-482-2430,shonda_greenbush@cox.net,http://www.saintgeorgewelldrilling.com
Cecil,Lapage,Union City,Hudson,NJ,7087,201-693-3967,clapage@lapage.com,http://www.hawkesdouglasd.com
Jeanice,Claucherty,Miami,Miami-Dade,FL,33142,305-988-4162,jeanice.claucherty@yahoo.com,http://www.accurelsystemsintrntlcorp.com
Josphine,Villanueva,Moss,Clay,TN,38575,931-553-9774,josphine_villanueva@villanueva.com,http://www.santacruzcommunityinternet.com
Daniel,Perruzza,Santa Ana,Orange,CA,92705,714-771-3880,dperruzza@perruzza.com,http://www.gershdanielson.com
Cassi,Wildfong,Rolling Meadows,Cook,IL,60008,847-633-3216,cassi.wildfong@aol.com,http://www.cobbjamesoesq.com
Britt,Galam,Hatfield,Montgomery,PA,19440,215-888-3304,britt@galam.org,http://www.wheatleytruckingcompany.com
Adell,Lipkin,Whippany,Morris,NJ,7981,973-654-1561,adell.lipkin@lipkin.com,http://www.systemsgraphincabdickdlr.com
Jacqueline,Rowling,Erie,Erie,PA,16501,814-865-8113,jacqueline.rowling@yahoo.com,http://www.johnhancockmutllifeinsco.com
Lonny,Weglarz,Salt Lake City,Salt Lake,UT,84115,801-293-9853,lonny_weglarz@gmail.com,http://www.historydivisionofstate.com
Lonna,Diestel,Fayetteville,Cumberland,NC,28301,910-922-3672,lonna_diestel@gmail.com,http://www.dimmockthomasjesq.com
Cristal,Samara,Los Angeles,Los Angeles,CA,90021,213-975-8026,cristal@cox.net,http://www.intermedinc.com
Kenneth,Grenet,East Lansing,Ingham,MI,48823,517-499-2322,kenneth.grenet@grenet.org,http://www.bankofnewyork.com
Elli,Mclaird,Utica,Oneida,NY,13501,315-818-2638,emclaird@mclaird.com,http://www.sportmasterintrnatl.com
Alline,Jeanty,South Bend,St Joseph,IN,46601,574-656-2800,ajeanty@gmail.com,http://www.wwjohnholdeninc.com
Sharika,Eanes,Orlando,Orange,FL,32806,407-312-1691,sharika.eanes@aol.com,http://www.maccanidelp.com
Nu,Mcnease,Harrison,Hudson,NJ,7029,973-751-9003,nu@gmail.com,http://www.amazoniafilmproject.com
Daniela,Comnick,Trenton,Mercer,NJ,8611,609-200-8577,dcomnick@cox.net,http://www.watersewerdepartment.com
Cecilia,Colaizzo,Madison,Dane,WI,53717,608-382-4541,cecilia_colaizzo@colaizzo.com,http://www.switchcraftinc.com
Leslie,Threets,Katonah,Westchester,NY,10536,914-861-9748,leslie@cox.net,http://www.cwdcmetalfabricators.com
Nan,Koppinger,Greensboro,Guilford,NC,27401,336-370-5333,nan@koppinger.com,http://www.shimotanigracet.com
Izetta,Dewar,Baltimore,Baltimore City,MD,21217,410-473-1708,idewar@dewar.com,http://www.lisatonijeanesq.com
Tegan,Arceo,Monroe Township,Middlesex,NJ,8831,732-730-2692,tegan.arceo@arceo.org,http://www.ceramictilesalesinc.com
Ruthann,Keener,Kerrville,Kerr,TX,78028,830-258-2769,ruthann@hotmail.com,http://www.maidencraftinc.com
Joni,Breland,Elk Grove Village,Cook,IL,60007,847-519-5906,joni_breland@cox.net,http://www.carriagehousecllsnrprinc.com
Vi,Rentfro,Freehold,Monmouth,NJ,7728,732-605-4781,vrentfro@cox.net,http://www.videoworkshop.com
Colette,Kardas,Omaha,Douglas,NE,68124,402-896-5943,colette.kardas@yahoo.com,http://www.fresnotilecenterinc.com
Malcolm,Tromblay,Annandale,Fairfax,VA,22003,703-221-5602,malcolm_tromblay@cox.net,http://www.versatilesashwoodwork.com
Ryan,Harnos,Plano,Collin,TX,75075,972-558-1665,ryan@cox.net,http://www.warnerelectricbrkcltchco.com
Jess,Chaffins,New York,New York,NY,10016,212-510-4633,jess.chaffins@chaffins.org,http://www.newyorkpubliclibrary.com
Sharen,Bourbon,Syosset,Nassau,NY,11791,516-816-1541,sbourbon@yahoo.com,http://www.mccalebjohnaesq.com
Nickolas,Juvera,Crystal River,Citrus,FL,34429,352-598-8301,nickolas_juvera@cox.net,http://www.unitedoilcoinc.com
Gary,Nunlee,Fortville,Hancock,IN,46040,317-542-6023,gary_nunlee@nunlee.org,http://www.irvingfootcenter.com
Diane,Devreese,Saint Joseph,Buchanan,MO,64504,816-557-9673,diane@cox.net,http://www.acmesupplyco.com
Roslyn,Chavous,Jackson,Hinds,MS,39211,601-234-9632,roslyn.chavous@chavous.org,http://www.mcraejamesl.com
Glory,Schieler,Abilene,Taylor,TX,79602,325-869-2649,glory@yahoo.com,http://www.mcgrathsseafood.com
Rasheeda,Sayaphon,Saratoga,Santa Clara,CA,95070,408-805-4309,rasheeda@aol.com,http://www.kummererjmichaelesq.com
Alpha,Palaia,Cherry Hill,Camden,NJ,8003,856-312-2629,alpha@yahoo.com,http://www.stofferjamesmjr.com
Refugia,Jacobos,Hayward,Alameda,CA,94545,510-974-8671,refugia.jacobos@jacobos.com,http://www.northcentralflsftycncl.com
Shawnda,Yori,Longwood,Seminole,FL,32750,407-538-5106,shawnda.yori@yahoo.com,http://www.fioruccifoodsusainc.com
Mona,Delasancha,Cheyenne,Laramie,WY,82001,307-403-1488,mdelasancha@hotmail.com,http://www.signall.com
Gilma,Liukko,Garden City,Nassau,NY,11530,516-393-9967,gilma_liukko@gmail.com,http://www.sammyssteakden.com
Janey,Gabisi,Madison,Dane,WI,53715,608-967-7194,jgabisi@hotmail.com,http://www.dobschastephenfesq.com
Lili,Paskin,Kearny,Hudson,NJ,7032,201-431-2989,lili.paskin@cox.net,http://www.morgancustomhomes.com
Loren,Asar,Old Forge,Lackawanna,PA,18518,570-648-3035,loren.asar@aol.com,http://www.olsenpaynecompany.com
Dorothy,Chesterfield,San Diego,San Diego,CA,92126,858-617-7834,dorothy@cox.net,http://www.cowankelly.com
Gail,Similton,Thousand Palms,Riverside,CA,92276,760-616-5388,gail_similton@similton.com,http://www.johnsonwesesq.com
Catalina,Tillotson,Margate City,Atlantic,NJ,8402,609-373-3332,catalina@hotmail.com,http://www.icnpharmaceuticalsinc.com
Lawrence,Lorens,Providence,Providence,RI,2906,401-465-6432,lawrence.lorens@hotmail.com,http://www.newenglandsecequipcoinc.com
Carlee,Boulter,Abilene,Dickinson,KS,67410,785-347-1805,carlee.boulter@hotmail.com,http://www.tippetttroymii.com
Thaddeus,Ankeny,Roseville,Placer,CA,95678,916-920-3571,tankeny@ankeny.org,http://www.atccontracting.com
Jovita,Oles,Daytona Beach,Volusia,FL,32114,386-248-4118,joles@gmail.com,http://www.paganophilipgesq.com
Alesia,Hixenbaugh,Washington,District of Columbia,DC,20001,202-646-7516,alesia_hixenbaugh@hixenbaugh.org,http://www.kwikprint.com
Lai,Harabedian,Novato,Marin,CA,94945,415-423-3294,lai@gmail.com,http://www.buergimaddenscale.com
Brittni,Gillaspie,Boise,Ada,ID,83709,208-709-1235,bgillaspie@gillaspie.com,http://www.innerlabel.com
Raylene,Kampa,Elkhart,Elkhart,IN,46514,574-499-1454,rkampa@kampa.org,http://www.hermarinc.com
Flo,Bookamer,Alliance,Box Butte,NE,69301,308-726-2182,flo.bookamer@cox.net,http://www.simontonhoweschneiderpc.com
Jani,Biddy,Seattle,King,WA,98104,206-711-6498,jbiddy@yahoo.com,http://www.warehouseofficepaperprod.com
Chauncey,Motley,Orlando,Orange,FL,32804,407-413-4842,chauncey_motley@aol.com,http://www.affiliatedwithtravelodge.com